order,seasonal_order,mape,rmse,status
"(1, 1, 1)","(1, 1, 1, 7)",3.9883263492951966,37.866459107434345,ok
"(1, 1, 1)","(0, 1, 1, 7)",4.000972047047962,37.95389905218478,ok
"(2, 1, 1)","(1, 1, 1, 7)",3.993054392353738,37.88214205625868,ok
"(2, 1, 1)","(0, 1, 1, 7)",4.00566623921755,37.970998436843395,ok
